Step,Sequence,Sum,Choices
410,"[ 0 0 0 0 0 0 462 -330 0 0 11 1 ]",144,"0 0 0 0 0 0 + - 0 0 + + "
896,"[ 0 0 0 0 0 462 0 -330 0 0 11 1 ]",144,"0 0 0 0 0 + 0 - 0 0 + + "
2774,"[ 0 0 0 0 330 0 -462 330 0 -55 0 1 ]",144,"0 0 0 0 + 0 - + 0 - 0 + "
3746,"[ 0 0 0 0 330 -462 0 330 0 -55 0 1 ]",144,"0 0 0 0 + - 0 + 0 - 0 + "
4622,"[ 0 0 0 0 -330 0 462 0 0 0 11 1 ]",144,"0 0 0 0 - 0 + 0 0 0 + + "
5108,"[ 0 0 0 0 -330 462 0 0 0 0 11 1 ]",144,"0 0 0 0 - + 0 0 0 0 + + "
5579,"[ 0 0 0 0 -330 462 462 -330 -165 55 -11 1 ]",144,"0 0 0 0 - + + - - + - + "
7025,"[ 0 0 0 165 0 0 462 -330 -165 0 11 1 ]",144,"0 0 0 + 0 0 + - - 0 + + "
7175,"[ 0 0 0 165 0 0 -462 330 165 -55 0 1 ]",144,"0 0 0 + 0 0 - + + - 0 + "
7511,"[ 0 0 0 165 0 462 0 -330 -165 0 11 1 ]",144,"0 0 0 + 0 + 0 - - 0 + + "
8147,"[ 0 0 0 165 0 -462 0 330 165 -55 0 1 ]",144,"0 0 0 + 0 - 0 + + - 0 + "
9281,"[ 0 0 0 165 330 0 -462 0 165 -55 0 1 ]",144,"0 0 0 + + 0 - 0 + - 0 + "
9389,"[ 0 0 0 165 330 0 -462 330 -165 -55 0 1 ]",144,"0 0 0 + + 0 - + - - 0 + "
10253,"[ 0 0 0 165 330 -462 0 0 165 -55 0 1 ]",144,"0 0 0 + + - 0 0 + - 0 + "
10361,"[ 0 0 0 165 330 -462 0 330 -165 -55 0 1 ]",144,"0 0 0 + + - 0 + - - 0 + "
11237,"[ 0 0 0 165 -330 0 462 0 -165 0 11 1 ]",144,"0 0 0 + - 0 + 0 - 0 + + "
11372,"[ 0 0 0 165 -330 0 462 -330 165 0 11 1 ]",144,"0 0 0 + - 0 + - + 0 + + "
11723,"[ 0 0 0 165 -330 462 0 0 -165 0 11 1 ]",144,"0 0 0 + - + 0 0 - 0 + + "
11858,"[ 0 0 0 165 -330 462 0 -330 165 0 11 1 ]",144,"0 0 0 + - + 0 - + 0 + + "
13424,"[ 0 0 0 -165 0 0 462 0 -165 0 11 1 ]",144,"0 0 0 - 0 0 + 0 - 0 + + "
13559,"[ 0 0 0 -165 0 0 462 -330 165 0 11 1 ]",144,"0 0 0 - 0 0 + - + 0 + + "
13910,"[ 0 0 0 -165 0 462 0 0 -165 0 11 1 ]",144,"0 0 0 - 0 + 0 0 - 0 + + "
14045,"[ 0 0 0 -165 0 462 0 -330 165 0 11 1 ]",144,"0 0 0 - 0 + 0 - + 0 + + "
15773,"[ 0 0 0 -165 330 0 462 -330 -165 0 11 1 ]",144,"0 0 0 - + 0 + - - 0 + + "
15923,"[ 0 0 0 -165 330 0 -462 330 165 -55 0 1 ]",144,"0 0 0 - + 0 - + + - 0 + "
16259,"[ 0 0 0 -165 330 462 0 -330 -165 0 11 1 ]",144,"0 0 0 - + + 0 - - 0 + + "
16895,"[ 0 0 0 -165 330 -462 0 330 165 -55 0 1 ]",144,"0 0 0 - + - 0 + + - 0 + "
17771,"[ 0 0 0 -165 -330 0 462 0 165 0 11 1 ]",144,"0 0 0 - - 0 + 0 + 0 + + "
17879,"[ 0 0 0 -165 -330 0 462 330 -165 0 11 1 ]",144,"0 0 0 - - 0 + + - 0 + + "
18257,"[ 0 0 0 -165 -330 462 0 0 165 0 11 1 ]",144,"0 0 0 - - + 0 0 + 0 + + "
18365,"[ 0 0 0 -165 -330 462 0 330 -165 0 11 1 ]",144,"0 0 0 - - + 0 + - 0 + + "
18647,"[ 0 0 0 -165 -330 462 462 -330 0 55 -11 1 ]",144,"0 0 0 - - + + - 0 + - + "
20111,"[ 0 0 55 0 0 0 462 -330 0 -55 11 1 ]",144,"0 0 + 0 0 0 + - 0 - + + "
20288,"[ 0 0 55 0 0 0 -462 330 165 55 0 1 ]",144,"0 0 + 0 0 0 - + + + 0 + "
20597,"[ 0 0 55 0 0 462 0 -330 0 -55 11 1 ]",144,"0 0 + 0 0 + 0 - 0 - + + "
21260,"[ 0 0 55 0 0 -462 0 330 165 55 0 1 ]",144,"0 0 + 0 0 - 0 + + + 0 + "
22394,"[ 0 0 55 0 330 0 -462 0 165 55 0 1 ]",144,"0 0 + 0 + 0 - 0 + + 0 + "
22502,"[ 0 0 55 0 330 0 -462 330 -165 55 0 1 ]",144,"0 0 + 0 + 0 - + - + 0 + "
23366,"[ 0 0 55 0 330 -462 0 0 165 55 0 1 ]",144,"0 0 + 0 + - 0 0 + + 0 + "
23474,"[ 0 0 55 0 330 -462 0 330 -165 55 0 1 ]",144,"0 0 + 0 + - 0 + - + 0 + "
24323,"[ 0 0 55 0 -330 0 462 0 0 -55 11 1 ]",144,"0 0 + 0 - 0 + 0 0 - + + "
24809,"[ 0 0 55 0 -330 462 0 0 0 -55 11 1 ]",144,"0 0 + 0 - + 0 0 0 - + + "
25253,"[ 0 0 55 0 -330 462 462 -330 -165 0 -11 1 ]",144,"0 0 + 0 - + + - - 0 - + "
26726,"[ 0 0 55 165 0 0 462 -330 -165 -55 11 1 ]",144,"0 0 + + 0 0 + - - - + + "
26822,"[ 0 0 55 165 0 0 -462 330 0 55 0 1 ]",144,"0 0 + + 0 0 - + 0 + 0 + "
27212,"[ 0 0 55 165 0 462 0 -330 -165 -55 11 1 ]",144,"0 0 + + 0 + 0 - - - + + "
27794,"[ 0 0 55 165 0 -462 0 330 0 55 0 1 ]",144,"0 0 + + 0 - 0 + 0 + 0 + "
28928,"[ 0 0 55 165 330 0 -462 0 0 55 0 1 ]",144,"0 0 + + + 0 - 0 0 + 0 + "
29900,"[ 0 0 55 165 330 -462 0 0 0 55 0 1 ]",144,"0 0 + + + - 0 0 0 + 0 + "
30938,"[ 0 0 55 165 -330 0 462 0 -165 -55 11 1 ]",144,"0 0 + + - 0 + 0 - - + + "
31073,"[ 0 0 55 165 -330 0 462 -330 165 -55 11 1 ]",144,"0 0 + + - 0 + - + - + + "
31424,"[ 0 0 55 165 -330 462 0 0 -165 -55 11 1 ]",144,"0 0 + + - + 0 0 - - + + "
31559,"[ 0 0 55 165 -330 462 0 -330 165 -55 11 1 ]",144,"0 0 + + - + 0 - + - + + "
33125,"[ 0 0 55 -165 0 0 462 0 -165 -55 11 1 ]",144,"0 0 + - 0 0 + 0 - - + + "
33260,"[ 0 0 55 -165 0 0 462 -330 165 -55 11 1 ]",144,"0 0 + - 0 0 + - + - + + "
33611,"[ 0 0 55 -165 0 462 0 0 -165 -55 11 1 ]",144,"0 0 + - 0 + 0 0 - - + + "
33746,"[ 0 0 55 -165 0 462 0 -330 165 -55 11 1 ]",144,"0 0 + - 0 + 0 - + - + + "
35474,"[ 0 0 55 -165 330 0 462 -330 -165 -55 11 1 ]",144,"0 0 + - + 0 + - - - + + "
35570,"[ 0 0 55 -165 330 0 -462 330 0 55 0 1 ]",144,"0 0 + - + 0 - + 0 + 0 + "
35960,"[ 0 0 55 -165 330 462 0 -330 -165 -55 11 1 ]",144,"0 0 + - + + 0 - - - + + "
36542,"[ 0 0 55 -165 330 -462 0 330 0 55 0 1 ]",144,"0 0 + - + - 0 + 0 + 0 + "
37472,"[ 0 0 55 -165 -330 0 462 0 165 -55 11 1 ]",144,"0 0 + - - 0 + 0 + - + + "
37580,"[ 0 0 55 -165 -330 0 462 330 -165 -55 11 1 ]",144,"0 0 + - - 0 + + - - + + "
37958,"[ 0 0 55 -165 -330 462 0 0 165 -55 11 1 ]",144,"0 0 + - - + 0 0 + - + + "
38066,"[ 0 0 55 -165 -330 462 0 330 -165 -55 11 1 ]",144,"0 0 + - - + 0 + - - + + "
38321,"[ 0 0 55 -165 -330 462 462 -330 0 0 -11 1 ]",144,"0 0 + - - + + - 0 0 - + "
39785,"[ 0 0 -55 0 0 0 462 -330 0 55 11 1 ]",144,"0 0 - 0 0 0 + - 0 + + + "
40271,"[ 0 0 -55 0 0 462 0 -330 0 55 11 1 ]",144,"0 0 - 0 0 + 0 - 0 + + + "
42122,"[ 0 0 -55 0 330 0 -462 330 0 0 0 1 ]",144,"0 0 - 0 + 0 - + 0 0 0 + "
43094,"[ 0 0 -55 0 330 -462 0 330 0 0 0 1 ]",144,"0 0 - 0 + - 0 + 0 0 0 + "
43997,"[ 0 0 -55 0 -330 0 462 0 0 55 11 1 ]",144,"0 0 - 0 - 0 + 0 0 + + + "
44483,"[ 0 0 -55 0 -330 462 0 0 0 55 11 1 ]",144,"0 0 - 0 - + 0 0 0 + + + "
44900,"[ 0 0 -55 0 -330 462 462 -330 0 -55 -11 1 ]",144,"0 0 - 0 - + + - 0 - - + "
46400,"[ 0 0 -55 165 0 0 462 -330 -165 55 11 1 ]",144,"0 0 - + 0 0 + - - + + + "
46523,"[ 0 0 -55 165 0 0 -462 330 165 0 0 1 ]",144,"0 0 - + 0 0 - + + 0 0 + "
46886,"[ 0 0 -55 165 0 462 0 -330 -165 55 11 1 ]",144,"0 0 - + 0 + 0 - - + + + "
47495,"[ 0 0 -55 165 0 -462 0 330 165 0 0 1 ]",144,"0 0 - + 0 - 0 + + 0 0 + "
48629,"[ 0 0 -55 165 330 0 -462 0 165 0 0 1 ]",144,"0 0 - + + 0 - 0 + 0 0 + "
48737,"[ 0 0 -55 165 330 0 -462 330 -165 0 0 1 ]",144,"0 0 - + + 0 - + - 0 0 + "
49601,"[ 0 0 -55 165 330 -462 0 0 165 0 0 1 ]",144,"0 0 - + + - 0 0 + 0 0 + "
49709,"[ 0 0 -55 165 330 -462 0 330 -165 0 0 1 ]",144,"0 0 - + + - 0 + - 0 0 + "
50612,"[ 0 0 -55 165 -330 0 462 0 -165 55 11 1 ]",144,"0 0 - + - 0 + 0 - + + + "
50747,"[ 0 0 -55 165 -330 0 462 -330 165 55 11 1 ]",144,"0 0 - + - 0 + - + + + + "
51098,"[ 0 0 -55 165 -330 462 0 0 -165 55 11 1 ]",144,"0 0 - + - + 0 0 - + + + "
51233,"[ 0 0 -55 165 -330 462 0 -330 165 55 11 1 ]",144,"0 0 - + - + 0 - + + + + "
51515,"[ 0 0 -55 165 -330 462 462 -330 -165 -55 -11 1 ]",144,"0 0 - + - + + - - - - + "
52799,"[ 0 0 -55 -165 0 0 462 0 -165 55 11 1 ]",144,"0 0 - - 0 0 + 0 - + + + "
52934,"[ 0 0 -55 -165 0 0 462 -330 165 55 11 1 ]",144,"0 0 - - 0 0 + - + + + + "
53285,"[ 0 0 -55 -165 0 462 0 0 -165 55 11 1 ]",144,"0 0 - - 0 + 0 0 - + + + "
53420,"[ 0 0 -55 -165 0 462 0 -330 165 55 11 1 ]",144,"0 0 - - 0 + 0 - + + + + "
53702,"[ 0 0 -55 -165 0 462 462 -330 -165 -55 -11 1 ]",144,"0 0 - - 0 + + - - - - + "
55148,"[ 0 0 -55 -165 330 0 462 -330 -165 55 11 1 ]",144,"0 0 - - + 0 + - - + + + "
55271,"[ 0 0 -55 -165 330 0 -462 330 165 0 0 1 ]",144,"0 0 - - + 0 - + + 0 0 + "
55634,"[ 0 0 -55 -165 330 462 0 -330 -165 55 11 1 ]",144,"0 0 - - + + 0 - - + + + "
56243,"[ 0 0 -55 -165 330 -462 0 330 165 0 0 1 ]",144,"0 0 - - + - 0 + + 0 0 + "
57146,"[ 0 0 -55 -165 -330 0 462 0 165 55 11 1 ]",144,"0 0 - - - 0 + 0 + + + + "
57254,"[ 0 0 -55 -165 -330 0 462 330 -165 55 11 1 ]",144,"0 0 - - - 0 + + - + + + "
57632,"[ 0 0 -55 -165 -330 462 0 0 165 55 11 1 ]",144,"0 0 - - - + 0 0 + + + + "
57740,"[ 0 0 -55 -165 -330 462 0 330 -165 55 11 1 ]",144,"0 0 - - - + 0 + - + + + "
57914,"[ 0 0 -55 -165 -330 462 462 0 -165 -55 -11 1 ]",144,"0 0 - - - + + 0 - - - + "
58049,"[ 0 0 -55 -165 -330 462 462 -330 165 -55 -11 1 ]",144,"0 0 - - - + + - + - - + "
59456,"[ 0 11 0 0 0 0 462 -330 0 0 0 1 ]",144,"0 + 0 0 0 0 + - 0 0 0 + "
59942,"[ 0 11 0 0 0 462 0 -330 0 0 0 1 ]",144,"0 + 0 0 0 + 0 - 0 0 0 + "
61829,"[ 0 11 0 0 330 0 -462 330 0 -55 -11 1 ]",144,"0 + 0 0 + 0 - + 0 - - + "
62801,"[ 0 11 0 0 330 -462 0 330 0 -55 -11 1 ]",144,"0 + 0 0 + - 0 + 0 - - + "
63668,"[ 0 11 0 0 -330 0 462 0 0 0 0 1 ]",144,"0 + 0 0 - 0 + 0 0 0 0 + "
64154,"[ 0 11 0 0 -330 462 0 0 0 0 0 1 ]",144,"0 + 0 0 - + 0 0 0 0 0 + "
66071,"[ 0 11 0 165 0 0 462 -330 -165 0 0 1 ]",144,"0 + 0 + 0 0 + - - 0 0 + "
66230,"[ 0 11 0 165 0 0 -462 330 165 -55 -11 1 ]",144,"0 + 0 + 0 0 - + + - - + "
66557,"[ 0 11 0 165 0 462 0 -330 -165 0 0 1 ]",144,"0 + 0 + 0 + 0 - - 0 0 + "
67202,"[ 0 11 0 165 0 -462 0 330 165 -55 -11 1 ]",144,"0 + 0 + 0 - 0 + + - - + "
68336,"[ 0 11 0 165 330 0 -462 0 165 -55 -11 1 ]",144,"0 + 0 + + 0 - 0 + - - + "
68444,"[ 0 11 0 165 330 0 -462 330 -165 -55 -11 1 ]",144,"0 + 0 + + 0 - + - - - + "
69308,"[ 0 11 0 165 330 -462 0 0 165 -55 -11 1 ]",144,"0 + 0 + + - 0 0 + - - + "
69416,"[ 0 11 0 165 330 -462 0 330 -165 -55 -11 1 ]",144,"0 + 0 + + - 0 + - - - + "
69863,"[ 0 11 0 165 330 -462 -462 330 165 55 11 1 ]",144,"0 + 0 + + - - + + + + + "
70283,"[ 0 11 0 165 -330 0 462 0 -165 0 0 1 ]",144,"0 + 0 + - 0 + 0 - 0 0 + "
70418,"[ 0 11 0 165 -330 0 462 -330 165 0 0 1 ]",144,"0 + 0 + - 0 + - + 0 0 + "
70769,"[ 0 11 0 165 -330 462 0 0 -165 0 0 1 ]",144,"0 + 0 + - + 0 0 - 0 0 + "
70904,"[ 0 11 0 165 -330 462 0 -330 165 0 0 1 ]",144,"0 + 0 + - + 0 - + 0 0 + "
72470,"[ 0 11 0 -165 0 0 462 0 -165 0 0 1 ]",144,"0 + 0 - 0 0 + 0 - 0 0 + "
72605,"[ 0 11 0 -165 0 0 462 -330 165 0 0 1 ]",144,"0 + 0 - 0 0 + - + 0 0 + "
72956,"[ 0 11 0 -165 0 462 0 0 -165 0 0 1 ]",144,"0 + 0 - 0 + 0 0 - 0 0 + "
73091,"[ 0 11 0 -165 0 462 0 -330 165 0 0 1 ]",144,"0 + 0 - 0 + 0 - + 0 0 + "
74819,"[ 0 11 0 -165 330 0 462 -330 -165 0 0 1 ]",144,"0 + 0 - + 0 + - - 0 0 + "
74978,"[ 0 11 0 -165 330 0 -462 330 165 -55 -11 1 ]",144,"0 + 0 - + 0 - + + - - + "
75305,"[ 0 11 0 -165 330 462 0 -330 -165 0 0 1 ]",144,"0 + 0 - + + 0 - - 0 0 + "
75950,"[ 0 11 0 -165 330 -462 0 330 165 -55 -11 1 ]",144,"0 + 0 - + - 0 + + - - + "
76817,"[ 0 11 0 -165 -330 0 462 0 165 0 0 1 ]",144,"0 + 0 - - 0 + 0 + 0 0 + "
76925,"[ 0 11 0 -165 -330 0 462 330 -165 0 0 1 ]",144,"0 + 0 - - 0 + + - 0 0 + "
77303,"[ 0 11 0 -165 -330 462 0 0 165 0 0 1 ]",144,"0 + 0 - - + 0 0 + 0 0 + "
77411,"[ 0 11 0 -165 -330 462 0 330 -165 0 0 1 ]",144,"0 + 0 - - + 0 + - 0 0 + "
79157,"[ 0 11 55 0 0 0 462 -330 0 -55 0 1 ]",144,"0 + + 0 0 0 + - 0 - 0 + "
79343,"[ 0 11 55 0 0 0 -462 330 165 55 -11 1 ]",144,"0 + + 0 0 0 - + + + - + "
79643,"[ 0 11 55 0 0 462 0 -330 0 -55 0 1 ]",144,"0 + + 0 0 + 0 - 0 - 0 + "
80315,"[ 0 11 55 0 0 -462 0 330 165 55 -11 1 ]",144,"0 + + 0 0 - 0 + + + - + "
81449,"[ 0 11 55 0 330 0 -462 0 165 55 -11 1 ]",144,"0 + + 0 + 0 - 0 + + - + "
81557,"[ 0 11 55 0 330 0 -462 330 -165 55 -11 1 ]",144,"0 + + 0 + 0 - + - + - + "
82421,"[ 0 11 55 0 330 -462 0 0 165 55 -11 1 ]",144,"0 + + 0 + - 0 0 + + - + "
82529,"[ 0 11 55 0 330 -462 0 330 -165 55 -11 1 ]",144,"0 + + 0 + - 0 + - + - + "
83369,"[ 0 11 55 0 -330 0 462 0 0 -55 0 1 ]",144,"0 + + 0 - 0 + 0 0 - 0 + "
83855,"[ 0 11 55 0 -330 462 0 0 0 -55 0 1 ]",144,"0 + + 0 - + 0 0 0 - 0 + "
85772,"[ 0 11 55 165 0 0 462 -330 -165 -55 0 1 ]",144,"0 + + + 0 0 + - - - 0 + "
85877,"[ 0 11 55 165 0 0 -462 330 0 55 -11 1 ]",144,"0 + + + 0 0 - + 0 + - + "
86258,"[ 0 11 55 165 0 462 0 -330 -165 -55 0 1 ]",144,"0 + + + 0 + 0 - - - 0 + "
86849,"[ 0 11 55 165 0 -462 0 330 0 55 -11 1 ]",144,"0 + + + 0 - 0 + 0 + - + "
87983,"[ 0 11 55 165 330 0 -462 0 0 55 -11 1 ]",144,"0 + + + + 0 - 0 0 + - + "
88955,"[ 0 11 55 165 330 -462 0 0 0 55 -11 1 ]",144,"0 + + + + - 0 0 0 + - + "
89537,"[ 0 11 55 165 330 -462 -462 330 165 0 11 1 ]",144,"0 + + + + - - + + 0 + + "
89984,"[ 0 11 55 165 -330 0 462 0 -165 -55 0 1 ]",144,"0 + + + - 0 + 0 - - 0 + "
90119,"[ 0 11 55 165 -330 0 462 -330 165 -55 0 1 ]",144,"0 + + + - 0 + - + - 0 + "
90470,"[ 0 11 55 165 -330 462 0 0 -165 -55 0 1 ]",144,"0 + + + - + 0 0 - - 0 + "
90605,"[ 0 11 55 165 -330 462 0 -330 165 -55 0 1 ]",144,"0 + + + - + 0 - + - 0 + "
92171,"[ 0 11 55 -165 0 0 462 0 -165 -55 0 1 ]",144,"0 + + - 0 0 + 0 - - 0 + "
92306,"[ 0 11 55 -165 0 0 462 -330 165 -55 0 1 ]",144,"0 + + - 0 0 + - + - 0 + "
92657,"[ 0 11 55 -165 0 462 0 0 -165 -55 0 1 ]",144,"0 + + - 0 + 0 0 - - 0 + "
92792,"[ 0 11 55 -165 0 462 0 -330 165 -55 0 1 ]",144,"0 + + - 0 + 0 - + - 0 + "
94520,"[ 0 11 55 -165 330 0 462 -330 -165 -55 0 1 ]",144,"0 + + - + 0 + - - - 0 + "
94625,"[ 0 11 55 -165 330 0 -462 330 0 55 -11 1 ]",144,"0 + + - + 0 - + 0 + - + "
95006,"[ 0 11 55 -165 330 462 0 -330 -165 -55 0 1 ]",144,"0 + + - + + 0 - - - 0 + "
95597,"[ 0 11 55 -165 330 -462 0 330 0 55 -11 1 ]",144,"0 + + - + - 0 + 0 + - + "
96518,"[ 0 11 55 -165 -330 0 462 0 165 -55 0 1 ]",144,"0 + + - - 0 + 0 + - 0 + "
96626,"[ 0 11 55 -165 -330 0 462 330 -165 -55 0 1 ]",144,"0 + + - - 0 + + - - 0 + "
97004,"[ 0 11 55 -165 -330 462 0 0 165 -55 0 1 ]",144,"0 + + - - + 0 0 + - 0 + "
97112,"[ 0 11 55 -165 -330 462 0 330 -165 -55 0 1 ]",144,"0 + + - - + 0 + - - 0 + "
98831,"[ 0 11 -55 0 0 0 462 -330 0 55 0 1 ]",144,"0 + - 0 0 0 + - 0 + 0 + "
99317,"[ 0 11 -55 0 0 462 0 -330 0 55 0 1 ]",144,"0 + - 0 0 + 0 - 0 + 0 + "
101177,"[ 0 11 -55 0 330 0 -462 330 0 0 -11 1 ]",144,"0 + - 0 + 0 - + 0 0 - + "
102149,"[ 0 11 -55 0 330 -462 0 330 0 0 -11 1 ]",144,"0 + - 0 + - 0 + 0 0 - + "
103043,"[ 0 11 -55 0 -330 0 462 0 0 55 0 1 ]",144,"0 + - 0 - 0 + 0 0 + 0 + "
103529,"[ 0 11 -55 0 -330 462 0 0 0 55 0 1 ]",144,"0 + - 0 - + 0 0 0 + 0 + "
105446,"[ 0 11 -55 165 0 0 462 -330 -165 55 0 1 ]",144,"0 + - + 0 0 + - - + 0 + "
105578,"[ 0 11 -55 165 0 0 -462 330 165 0 -11 1 ]",144,"0 + - + 0 0 - + + 0 - + "
105932,"[ 0 11 -55 165 0 462 0 -330 -165 55 0 1 ]",144,"0 + - + 0 + 0 - - + 0 + "
106550,"[ 0 11 -55 165 0 -462 0 330 165 0 -11 1 ]",144,"0 + - + 0 - 0 + + 0 - + "
107684,"[ 0 11 -55 165 330 0 -462 0 165 0 -11 1 ]",144,"0 + - + + 0 - 0 + 0 - + "
107792,"[ 0 11 -55 165 330 0 -462 330 -165 0 -11 1 ]",144,"0 + - + + 0 - + - 0 - + "
108656,"[ 0 11 -55 165 330 -462 0 0 165 0 -11 1 ]",144,"0 + - + + - 0 0 + 0 - + "
108764,"[ 0 11 -55 165 330 -462 0 330 -165 0 -11 1 ]",144,"0 + - + + - 0 + - 0 - + "
109658,"[ 0 11 -55 165 -330 0 462 0 -165 55 0 1 ]",144,"0 + - + - 0 + 0 - + 0 + "
109793,"[ 0 11 -55 165 -330 0 462 -330 165 55 0 1 ]",144,"0 + - + - 0 + - + + 0 + "
110144,"[ 0 11 -55 165 -330 462 0 0 -165 55 0 1 ]",144,"0 + - + - + 0 0 - + 0 + "
110279,"[ 0 11 -55 165 -330 462 0 -330 165 55 0 1 ]",144,"0 + - + - + 0 - + + 0 + "
111845,"[ 0 11 -55 -165 0 0 462 0 -165 55 0 1 ]",144,"0 + - - 0 0 + 0 - + 0 + "
111980,"[ 0 11 -55 -165 0 0 462 -330 165 55 0 1 ]",144,"0 + - - 0 0 + - + + 0 + "
112331,"[ 0 11 -55 -165 0 462 0 0 -165 55 0 1 ]",144,"0 + - - 0 + 0 0 - + 0 + "
112466,"[ 0 11 -55 -165 0 462 0 -330 165 55 0 1 ]",144,"0 + - - 0 + 0 - + + 0 + "
114194,"[ 0 11 -55 -165 330 0 462 -330 -165 55 0 1 ]",144,"0 + - - + 0 + - - + 0 + "
114326,"[ 0 11 -55 -165 330 0 -462 330 165 0 -11 1 ]",144,"0 + - - + 0 - + + 0 - + "
114680,"[ 0 11 -55 -165 330 462 0 -330 -165 55 0 1 ]",144,"0 + - - + + 0 - - + 0 + "
115298,"[ 0 11 -55 -165 330 -462 0 330 165 0 -11 1 ]",144,"0 + - - + - 0 + + 0 - + "
116192,"[ 0 11 -55 -165 -330 0 462 0 165 55 0 1 ]",144,"0 + - - - 0 + 0 + + 0 + "
116300,"[ 0 11 -55 -165 -330 0 462 330 -165 55 0 1 ]",144,"0 + - - - 0 + + - + 0 + "
116678,"[ 0 11 -55 -165 -330 462 0 0 165 55 0 1 ]",144,"0 + - - - + 0 0 + + 0 + "
116786,"[ 0 11 -55 -165 -330 462 0 330 -165 55 0 1 ]",144,"0 + - - - + 0 + - + 0 + "
118133,"[ 0 -11 0 0 0 0 0 0 165 0 -11 1 ]",144,"0 - 0 0 0 0 0 0 + 0 - + "
118241,"[ 0 -11 0 0 0 0 0 330 -165 0 -11 1 ]",144,"0 - 0 0 0 0 0 + - 0 - + "
119348,"[ 0 -11 0 0 0 462 -462 0 165 0 -11 1 ]",144,"0 - 0 0 0 + - 0 + 0 - + "
119456,"[ 0 -11 0 0 0 462 -462 330 -165 0 -11 1 ]",144,"0 - 0 0 0 + - + - 0 - + "
119834,"[ 0 -11 0 0 0 -462 462 0 165 0 -11 1 ]",144,"0 - 0 0 0 - + 0 + 0 - + "
119942,"[ 0 -11 0 0 0 -462 462 330 -165 0 -11 1 ]",144,"0 - 0 0 0 - + + - 0 - + "
120347,"[ 0 -11 0 0 330 0 0 0 -165 0 -11 1 ]",144,"0 - 0 0 + 0 0 0 - 0 - + "
120482,"[ 0 -11 0 0 330 0 0 -330 165 0 -11 1 ]",144,"0 - 0 0 + 0 0 - + 0 - + "
120875,"[ 0 -11 0 0 330 0 -462 330 0 -55 11 1 ]",144,"0 - 0 0 + 0 - + 0 - + + "
121562,"[ 0 -11 0 0 330 462 -462 0 -165 0 -11 1 ]",144,"0 - 0 0 + + - 0 - 0 - + "
121697,"[ 0 -11 0 0 330 462 -462 -330 165 0 -11 1 ]",144,"0 - 0 0 + + - - + 0 - + "
121847,"[ 0 -11 0 0 330 -462 0 330 0 -55 11 1 ]",144,"0 - 0 0 + - 0 + 0 - + + "
122048,"[ 0 -11 0 0 330 -462 462 0 -165 0 -11 1 ]",144,"0 - 0 0 + - + 0 - 0 - + "
122183,"[ 0 -11 0 0 330 -462 462 -330 165 0 -11 1 ]",144,"0 - 0 0 + - + - + 0 - + "
122588,"[ 0 -11 0 0 -330 0 0 330 165 0 -11 1 ]",144,"0 - 0 0 - 0 0 + + 0 - + "
123671,"[ 0 -11 0 0 -330 462 462 -330 -165 55 0 1 ]",144,"0 - 0 0 - + + - - + 0 + "
123803,"[ 0 -11 0 0 -330 462 -462 330 165 0 -11 1 ]",144,"0 - 0 0 - + - + + 0 - + "
124289,"[ 0 -11 0 0 -330 -462 462 330 165 0 -11 1 ]",144,"0 - 0 0 - - + + + 0 - + "
124667,"[ 0 -11 0 165 0 0 0 0 0 0 -11 1 ]",144,"0 - 0 + 0 0 0 0 0 0 - + "
125276,"[ 0 -11 0 165 0 0 -462 330 165 -55 11 1 ]",144,"0 - 0 + 0 0 - + + - + + "
125882,"[ 0 -11 0 165 0 462 -462 0 0 0 -11 1 ]",144,"0 - 0 + 0 + - 0 0 0 - + "
126248,"[ 0 -11 0 165 0 -462 0 330 165 -55 11 1 ]",144,"0 - 0 + 0 - 0 + + - + + "
126368,"[ 0 -11 0 165 0 -462 462 0 0 0 -11 1 ]",144,"0 - 0 + 0 - + 0 0 0 - + "
127016,"[ 0 -11 0 165 330 0 0 -330 0 0 -11 1 ]",144,"0 - 0 + + 0 0 - 0 0 - + "
127382,"[ 0 -11 0 165 330 0 -462 0 165 -55 11 1 ]",144,"0 - 0 + + 0 - 0 + - + + "
127490,"[ 0 -11 0 165 330 0 -462 330 -165 -55 11 1 ]",144,"0 - 0 + + 0 - + - - + + "
128231,"[ 0 -11 0 165 330 462 -462 -330 0 0 -11 1 ]",144,"0 - 0 + + + - - 0 0 - + "
128354,"[ 0 -11 0 165 330 -462 0 0 165 -55 11 1 ]",144,"0 - 0 + + - 0 0 + - + + "
128462,"[ 0 -11 0 165 330 -462 0 330 -165 -55 11 1 ]",144,"0 - 0 + + - 0 + - - + + "
128717,"[ 0 -11 0 165 330 -462 462 -330 0 0 -11 1 ]",144,"0 - 0 + + - + - 0 0 - + "
129122,"[ 0 -11 0 165 -330 0 0 330 0 0 -11 1 ]",144,"0 - 0 + - 0 0 + 0 0 - + "
130337,"[ 0 -11 0 165 -330 462 -462 330 0 0 -11 1 ]",144,"0 - 0 + - + - + 0 0 - + "
130823,"[ 0 -11 0 165 -330 -462 462 330 0 0 -11 1 ]",144,"0 - 0 + - - + + 0 0 - + "
131309,"[ 0 -11 0 -165 0 0 0 330 0 0 -11 1 ]",144,"0 - 0 - 0 0 0 + 0 0 - + "
132524,"[ 0 -11 0 -165 0 462 -462 330 0 0 -11 1 ]",144,"0 - 0 - 0 + - + 0 0 - + "
133010,"[ 0 -11 0 -165 0 -462 462 330 0 0 -11 1 ]",144,"0 - 0 - 0 - + + 0 0 - + "
133415,"[ 0 -11 0 -165 330 0 0 0 0 0 -11 1 ]",144,"0 - 0 - + 0 0 0 0 0 - + "
134024,"[ 0 -11 0 -165 330 0 -462 330 165 -55 11 1 ]",144,"0 - 0 - + 0 - + + - + + "
134630,"[ 0 -11 0 -165 330 462 -462 0 0 0 -11 1 ]",144,"0 - 0 - + + - 0 0 0 - + "
134996,"[ 0 -11 0 -165 330 -462 0 330 165 -55 11 1 ]",144,"0 - 0 - + - 0 + + - + + "
135116,"[ 0 -11 0 -165 330 -462 462 0 0 0 -11 1 ]",144,"0 - 0 - + - + 0 0 0 - + "
136739,"[ 0 -11 0 -165 -330 462 462 -330 0 55 0 1 ]",144,"0 - 0 - - + + - 0 + 0 + "
137834,"[ 0 -11 55 0 0 0 0 0 165 -55 -11 1 ]",144,"0 - + 0 0 0 0 0 + - - + "
137942,"[ 0 -11 55 0 0 0 0 330 -165 -55 -11 1 ]",144,"0 - + 0 0 0 0 + - - - + "
138389,"[ 0 -11 55 0 0 0 -462 330 165 55 11 1 ]",144,"0 - + 0 0 0 - + + + + + "
139049,"[ 0 -11 55 0 0 462 -462 0 165 -55 -11 1 ]",144,"0 - + 0 0 + - 0 + - - + "
139157,"[ 0 -11 55 0 0 462 -462 330 -165 -55 -11 1 ]",144,"0 - + 0 0 + - + - - - + "
139361,"[ 0 -11 55 0 0 -462 0 330 165 55 11 1 ]",144,"0 - + 0 0 - 0 + + + + + "
139535,"[ 0 -11 55 0 0 -462 462 0 165 -55 -11 1 ]",144,"0 - + 0 0 - + 0 + - - + "
139643,"[ 0 -11 55 0 0 -462 462 330 -165 -55 -11 1 ]",144,"0 - + 0 0 - + + - - - + "
140048,"[ 0 -11 55 0 330 0 0 0 -165 -55 -11 1 ]",144,"0 - + 0 + 0 0 0 - - - + "
140183,"[ 0 -11 55 0 330 0 0 -330 165 -55 -11 1 ]",144,"0 - + 0 + 0 0 - + - - + "
140495,"[ 0 -11 55 0 330 0 -462 0 165 55 11 1 ]",144,"0 - + 0 + 0 - 0 + + + + "
140603,"[ 0 -11 55 0 330 0 -462 330 -165 55 11 1 ]",144,"0 - + 0 + 0 - + - + + + "
141263,"[ 0 -11 55 0 330 462 -462 0 -165 -55 -11 1 ]",144,"0 - + 0 + + - 0 - - - + "
141398,"[ 0 -11 55 0 330 462 -462 -330 165 -55 -11 1 ]",144,"0 - + 0 + + - - + - - + "
141467,"[ 0 -11 55 0 330 -462 0 0 165 55 11 1 ]",144,"0 - + 0 + - 0 0 + + + + "
141575,"[ 0 -11 55 0 330 -462 0 330 -165 55 11 1 ]",144,"0 - + 0 + - 0 + - + + + "
141749,"[ 0 -11 55 0 330 -462 462 0 -165 -55 -11 1 ]",144,"0 - + 0 + - + 0 - - - + "
141884,"[ 0 -11 55 0 330 -462 462 -330 165 -55 -11 1 ]",144,"0 - + 0 + - + - + - - + "
142289,"[ 0 -11 55 0 -330 0 0 330 165 -55 -11 1 ]",144,"0 - + 0 - 0 0 + + - - + "
143345,"[ 0 -11 55 0 -330 462 462 -330 -165 0 0 1 ]",144,"0 - + 0 - + + - - 0 0 + "
143504,"[ 0 -11 55 0 -330 462 -462 330 165 -55 -11 1 ]",144,"0 - + 0 - + - + + - - + "
143990,"[ 0 -11 55 0 -330 -462 462 330 165 -55 -11 1 ]",144,"0 - + 0 - - + + + - - + "
144368,"[ 0 -11 55 165 0 0 0 0 0 -55 -11 1 ]",144,"0 - + + 0 0 0 0 0 - - + "
144923,"[ 0 -11 55 165 0 0 -462 330 0 55 11 1 ]",144,"0 - + + 0 0 - + 0 + + + "
145583,"[ 0 -11 55 165 0 462 -462 0 0 -55 -11 1 ]",144,"0 - + + 0 + - 0 0 - - + "
145895,"[ 0 -11 55 165 0 -462 0 330 0 55 11 1 ]",144,"0 - + + 0 - 0 + 0 + + + "
146069,"[ 0 -11 55 165 0 -462 462 0 0 -55 -11 1 ]",144,"0 - + + 0 - + 0 0 - - + "
146717,"[ 0 -11 55 165 330 0 0 -330 0 -55 -11 1 ]",144,"0 - + + + 0 0 - 0 - - + "
147029,"[ 0 -11 55 165 330 0 -462 0 0 55 11 1 ]",144,"0 - + + + 0 - 0 0 + + + "
147932,"[ 0 -11 55 165 330 462 -462 -330 0 -55 -11 1 ]",144,"0 - + + + + - - 0 - - + "
148001,"[ 0 -11 55 165 330 -462 0 0 0 55 11 1 ]",144,"0 - + + + - 0 0 0 + + + "
148418,"[ 0 -11 55 165 330 -462 462 -330 0 -55 -11 1 ]",144,"0 - + + + - + - 0 - - + "
148823,"[ 0 -11 55 165 -330 0 0 330 0 -55 -11 1 ]",144,"0 - + + - 0 0 + 0 - - + "
150038,"[ 0 -11 55 165 -330 462 -462 330 0 -55 -11 1 ]",144,"0 - + + - + - + 0 - - + "
150524,"[ 0 -11 55 165 -330 -462 462 330 0 -55 -11 1 ]",144,"0 - + + - - + + 0 - - + "
151010,"[ 0 -11 55 -165 0 0 0 330 0 -55 -11 1 ]",144,"0 - + - 0 0 0 + 0 - - + "
152225,"[ 0 -11 55 -165 0 462 -462 330 0 -55 -11 1 ]",144,"0 - + - 0 + - + 0 - - + "
152711,"[ 0 -11 55 -165 0 -462 462 330 0 -55 -11 1 ]",144,"0 - + - 0 - + + 0 - - + "
153116,"[ 0 -11 55 -165 330 0 0 0 0 -55 -11 1 ]",144,"0 - + - + 0 0 0 0 - - + "
153671,"[ 0 -11 55 -165 330 0 -462 330 0 55 11 1 ]",144,"0 - + - + 0 - + 0 + + + "
154331,"[ 0 -11 55 -165 330 462 -462 0 0 -55 -11 1 ]",144,"0 - + - + + - 0 0 - - + "
154643,"[ 0 -11 55 -165 330 -462 0 330 0 55 11 1 ]",144,"0 - + - + - 0 + 0 + + + "
154817,"[ 0 -11 55 -165 330 -462 462 0 0 -55 -11 1 ]",144,"0 - + - + - + 0 0 - - + "
156413,"[ 0 -11 55 -165 -330 462 462 -330 0 0 0 1 ]",144,"0 - + - - + + - 0 0 0 + "
157508,"[ 0 -11 -55 0 0 0 0 0 165 55 -11 1 ]",144,"0 - - 0 0 0 0 0 + + - + "
157616,"[ 0 -11 -55 0 0 0 0 330 -165 55 -11 1 ]",144,"0 - - 0 0 0 0 + - + - + "
158723,"[ 0 -11 -55 0 0 462 -462 0 165 55 -11 1 ]",144,"0 - - 0 0 + - 0 + + - + "
158831,"[ 0 -11 -55 0 0 462 -462 330 -165 55 -11 1 ]",144,"0 - - 0 0 + - + - + - + "
159209,"[ 0 -11 -55 0 0 -462 462 0 165 55 -11 1 ]",144,"0 - - 0 0 - + 0 + + - + "
159317,"[ 0 -11 -55 0 0 -462 462 330 -165 55 -11 1 ]",144,"0 - - 0 0 - + + - + - + "
159722,"[ 0 -11 -55 0 330 0 0 0 -165 55 -11 1 ]",144,"0 - - 0 + 0 0 0 - + - + "
159857,"[ 0 -11 -55 0 330 0 0 -330 165 55 -11 1 ]",144,"0 - - 0 + 0 0 - + + - + "
160223,"[ 0 -11 -55 0 330 0 -462 330 0 0 11 1 ]",144,"0 - - 0 + 0 - + 0 0 + + "
160937,"[ 0 -11 -55 0 330 462 -462 0 -165 55 -11 1 ]",144,"0 - - 0 + + - 0 - + - + "
161072,"[ 0 -11 -55 0 330 462 -462 -330 165 55 -11 1 ]",144,"0 - - 0 + + - - + + - + "
161195,"[ 0 -11 -55 0 330 -462 0 330 0 0 11 1 ]",144,"0 - - 0 + - 0 + 0 0 + + "
161423,"[ 0 -11 -55 0 330 -462 462 0 -165 55 -11 1 ]",144,"0 - - 0 + - + 0 - + - + "
161558,"[ 0 -11 -55 0 330 -462 462 -330 165 55 -11 1 ]",144,"0 - - 0 + - + - + + - + "
161963,"[ 0 -11 -55 0 -330 0 0 330 165 55 -11 1 ]",144,"0 - - 0 - 0 0 + + + - + "
162992,"[ 0 -11 -55 0 -330 462 462 -330 0 -55 0 1 ]",144,"0 - - 0 - + + - 0 - 0 + "
163178,"[ 0 -11 -55 0 -330 462 -462 330 165 55 -11 1 ]",144,"0 - - 0 - + - + + + - + "
163664,"[ 0 -11 -55 0 -330 -462 462 330 165 55 -11 1 ]",144,"0 - - 0 - - + + + + - + "
164042,"[ 0 -11 -55 165 0 0 0 0 0 55 -11 1 ]",144,"0 - - + 0 0 0 0 0 + - + "
164624,"[ 0 -11 -55 165 0 0 -462 330 165 0 11 1 ]",144,"0 - - + 0 0 - + + 0 + + "
165257,"[ 0 -11 -55 165 0 462 -462 0 0 55 -11 1 ]",144,"0 - - + 0 + - 0 0 + - + "
165596,"[ 0 -11 -55 165 0 -462 0 330 165 0 11 1 ]",144,"0 - - + 0 - 0 + + 0 + + "
165743,"[ 0 -11 -55 165 0 -462 462 0 0 55 -11 1 ]",144,"0 - - + 0 - + 0 0 + - + "
166391,"[ 0 -11 -55 165 330 0 0 -330 0 55 -11 1 ]",144,"0 - - + + 0 0 - 0 + - + "
166730,"[ 0 -11 -55 165 330 0 -462 0 165 0 11 1 ]",144,"0 - - + + 0 - 0 + 0 + + "
166838,"[ 0 -11 -55 165 330 0 -462 330 -165 0 11 1 ]",144,"0 - - + + 0 - + - 0 + + "
167606,"[ 0 -11 -55 165 330 462 -462 -330 0 55 -11 1 ]",144,"0 - - + + + - - 0 + - + "
167702,"[ 0 -11 -55 165 330 -462 0 0 165 0 11 1 ]",144,"0 - - + + - 0 0 + 0 + + "
167810,"[ 0 -11 -55 165 330 -462 0 330 -165 0 11 1 ]",144,"0 - - + + - 0 + - 0 + + "
168092,"[ 0 -11 -55 165 330 -462 462 -330 0 55 -11 1 ]",144,"0 - - + + - + - 0 + - + "
168497,"[ 0 -11 -55 165 -330 0 0 330 0 55 -11 1 ]",144,"0 - - + - 0 0 + 0 + - + "
169607,"[ 0 -11 -55 165 -330 462 462 -330 -165 -55 0 1 ]",144,"0 - - + - + + - - - 0 + "
169712,"[ 0 -11 -55 165 -330 462 -462 330 0 55 -11 1 ]",144,"0 - - + - + - + 0 + - + "
170198,"[ 0 -11 -55 165 -330 -462 462 330 0 55 -11 1 ]",144,"0 - - + - - + + 0 + - + "
170684,"[ 0 -11 -55 -165 0 0 0 330 0 55 -11 1 ]",144,"0 - - - 0 0 0 + 0 + - + "
171794,"[ 0 -11 -55 -165 0 462 462 -330 -165 -55 0 1 ]",144,"0 - - - 0 + + - - - 0 + "
171899,"[ 0 -11 -55 -165 0 462 -462 330 0 55 -11 1 ]",144,"0 - - - 0 + - + 0 + - + "
172385,"[ 0 -11 -55 -165 0 -462 462 330 0 55 -11 1 ]",144,"0 - - - 0 - + + 0 + - + "
172790,"[ 0 -11 -55 -165 330 0 0 0 0 55 -11 1 ]",144,"0 - - - + 0 0 0 0 + - + "
173372,"[ 0 -11 -55 -165 330 0 -462 330 165 0 11 1 ]",144,"0 - - - + 0 - + + 0 + + "
174005,"[ 0 -11 -55 -165 330 462 -462 0 0 55 -11 1 ]",144,"0 - - - + + - 0 0 + - + "
174344,"[ 0 -11 -55 -165 330 -462 0 330 165 0 11 1 ]",144,"0 - - - + - 0 + + 0 + + "
174491,"[ 0 -11 -55 -165 330 -462 462 0 0 55 -11 1 ]",144,"0 - - - + - + 0 0 + - + "
176006,"[ 0 -11 -55 -165 -330 462 462 0 -165 -55 0 1 ]",144,"0 - - - - + + 0 - - 0 + "
176141,"[ 0 -11 -55 -165 -330 462 462 -330 165 -55 0 1 ]",144,"0 - - - - + + - + - 0 + "
177556,"[ 1 0 0 0 0 0 462 -330 0 0 11 0 ]",144,"+ 0 0 0 0 0 + - 0 0 + 0 "
178042,"[ 1 0 0 0 0 462 0 -330 0 0 11 0 ]",144,"+ 0 0 0 0 + 0 - 0 0 + 0 "
179920,"[ 1 0 0 0 330 0 -462 330 0 -55 0 0 ]",144,"+ 0 0 0 + 0 - + 0 - 0 0 "
180892,"[ 1 0 0 0 330 -462 0 330 0 -55 0 0 ]",144,"+ 0 0 0 + - 0 + 0 - 0 0 "
181768,"[ 1 0 0 0 -330 0 462 0 0 0 11 0 ]",144,"+ 0 0 0 - 0 + 0 0 0 + 0 "
182254,"[ 1 0 0 0 -330 462 0 0 0 0 11 0 ]",144,"+ 0 0 0 - + 0 0 0 0 + 0 "
182725,"[ 1 0 0 0 -330 462 462 -330 -165 55 -11 0 ]",144,"+ 0 0 0 - + + - - + - 0 "
184171,"[ 1 0 0 165 0 0 462 -330 -165 0 11 0 ]",144,"+ 0 0 + 0 0 + - - 0 + 0 "
184321,"[ 1 0 0 165 0 0 -462 330 165 -55 0 0 ]",144,"+ 0 0 + 0 0 - + + - 0 0 "
184657,"[ 1 0 0 165 0 462 0 -330 -165 0 11 0 ]",144,"+ 0 0 + 0 + 0 - - 0 + 0 "
185293,"[ 1 0 0 165 0 -462 0 330 165 -55 0 0 ]",144,"+ 0 0 + 0 - 0 + + - 0 0 "
186427,"[ 1 0 0 165 330 0 -462 0 165 -55 0 0 ]",144,"+ 0 0 + + 0 - 0 + - 0 0 "
186535,"[ 1 0 0 165 330 0 -462 330 -165 -55 0 0 ]",144,"+ 0 0 + + 0 - + - - 0 0 "
187399,"[ 1 0 0 165 330 -462 0 0 165 -55 0 0 ]",144,"+ 0 0 + + - 0 0 + - 0 0 "
187507,"[ 1 0 0 165 330 -462 0 330 -165 -55 0 0 ]",144,"+ 0 0 + + - 0 + - - 0 0 "
188383,"[ 1 0 0 165 -330 0 462 0 -165 0 11 0 ]",144,"+ 0 0 + - 0 + 0 - 0 + 0 "
188518,"[ 1 0 0 165 -330 0 462 -330 165 0 11 0 ]",144,"+ 0 0 + - 0 + - + 0 + 0 "
188869,"[ 1 0 0 165 -330 462 0 0 -165 0 11 0 ]",144,"+ 0 0 + - + 0 0 - 0 + 0 "
189004,"[ 1 0 0 165 -330 462 0 -330 165 0 11 0 ]",144,"+ 0 0 + - + 0 - + 0 + 0 "
190570,"[ 1 0 0 -165 0 0 462 0 -165 0 11 0 ]",144,"+ 0 0 - 0 0 + 0 - 0 + 0 "
190705,"[ 1 0 0 -165 0 0 462 -330 165 0 11 0 ]",144,"+ 0 0 - 0 0 + - + 0 + 0 "
191056,"[ 1 0 0 -165 0 462 0 0 -165 0 11 0 ]",144,"+ 0 0 - 0 + 0 0 - 0 + 0 "
191191,"[ 1 0 0 -165 0 462 0 -330 165 0 11 0 ]",144,"+ 0 0 - 0 + 0 - + 0 + 0 "
192919,"[ 1 0 0 -165 330 0 462 -330 -165 0 11 0 ]",144,"+ 0 0 - + 0 + - - 0 + 0 "
193069,"[ 1 0 0 -165 330 0 -462 330 165 -55 0 0 ]",144,"+ 0 0 - + 0 - + + - 0 0 "
193405,"[ 1 0 0 -165 330 462 0 -330 -165 0 11 0 ]",144,"+ 0 0 - + + 0 - - 0 + 0 "
194041,"[ 1 0 0 -165 330 -462 0 330 165 -55 0 0 ]",144,"+ 0 0 - + - 0 + + - 0 0 "
194917,"[ 1 0 0 -165 -330 0 462 0 165 0 11 0 ]",144,"+ 0 0 - - 0 + 0 + 0 + 0 "
195025,"[ 1 0 0 -165 -330 0 462 330 -165 0 11 0 ]",144,"+ 0 0 - - 0 + + - 0 + 0 "
195403,"[ 1 0 0 -165 -330 462 0 0 165 0 11 0 ]",144,"+ 0 0 - - + 0 0 + 0 + 0 "
195511,"[ 1 0 0 -165 -330 462 0 330 -165 0 11 0 ]",144,"+ 0 0 - - + 0 + - 0 + 0 "
195793,"[ 1 0 0 -165 -330 462 462 -330 0 55 -11 0 ]",144,"+ 0 0 - - + + - 0 + - 0 "
197257,"[ 1 0 55 0 0 0 462 -330 0 -55 11 0 ]",144,"+ 0 + 0 0 0 + - 0 - + 0 "
197434,"[ 1 0 55 0 0 0 -462 330 165 55 0 0 ]",144,"+ 0 + 0 0 0 - + + + 0 0 "
197743,"[ 1 0 55 0 0 462 0 -330 0 -55 11 0 ]",144,"+ 0 + 0 0 + 0 - 0 - + 0 "
198406,"[ 1 0 55 0 0 -462 0 330 165 55 0 0 ]",144,"+ 0 + 0 0 - 0 + + + 0 0 "
199540,"[ 1 0 55 0 330 0 -462 0 165 55 0 0 ]",144,"+ 0 + 0 + 0 - 0 + + 0 0 "
199648,"[ 1 0 55 0 330 0 -462 330 -165 55 0 0 ]",144,"+ 0 + 0 + 0 - + - + 0 0 "
200512,"[ 1 0 55 0 330 -462 0 0 165 55 0 0 ]",144,"+ 0 + 0 + - 0 0 + + 0 0 "
200620,"[ 1 0 55 0 330 -462 0 330 -165 55 0 0 ]",144,"+ 0 + 0 + - 0 + - + 0 0 "
201469,"[ 1 0 55 0 -330 0 462 0 0 -55 11 0 ]",144,"+ 0 + 0 - 0 + 0 0 - + 0 "
201955,"[ 1 0 55 0 -330 462 0 0 0 -55 11 0 ]",144,"+ 0 + 0 - + 0 0 0 - + 0 "
202399,"[ 1 0 55 0 -330 462 462 -330 -165 0 -11 0 ]",144,"+ 0 + 0 - + + - - 0 - 0 "
203872,"[ 1 0 55 165 0 0 462 -330 -165 -55 11 0 ]",144,"+ 0 + + 0 0 + - - - + 0 "
203968,"[ 1 0 55 165 0 0 -462 330 0 55 0 0 ]",144,"+ 0 + + 0 0 - + 0 + 0 0 "
204358,"[ 1 0 55 165 0 462 0 -330 -165 -55 11 0 ]",144,"+ 0 + + 0 + 0 - - - + 0 "
204940,"[ 1 0 55 165 0 -462 0 330 0 55 0 0 ]",144,"+ 0 + + 0 - 0 + 0 + 0 0 "
206074,"[ 1 0 55 165 330 0 -462 0 0 55 0 0 ]",144,"+ 0 + + + 0 - 0 0 + 0 0 "
207046,"[ 1 0 55 165 330 -462 0 0 0 55 0 0 ]",144,"+ 0 + + + - 0 0 0 + 0 0 "
208084,"[ 1 0 55 165 -330 0 462 0 -165 -55 11 0 ]",144,"+ 0 + + - 0 + 0 - - + 0 "
208219,"[ 1 0 55 165 -330 0 462 -330 165 -55 11 0 ]",144,"+ 0 + + - 0 + - + - + 0 "
208570,"[ 1 0 55 165 -330 462 0 0 -165 -55 11 0 ]",144,"+ 0 + + - + 0 0 - - + 0 "
208705,"[ 1 0 55 165 -330 462 0 -330 165 -55 11 0 ]",144,"+ 0 + + - + 0 - + - + 0 "
210271,"[ 1 0 55 -165 0 0 462 0 -165 -55 11 0 ]",144,"+ 0 + - 0 0 + 0 - - + 0 "
210406,"[ 1 0 55 -165 0 0 462 -330 165 -55 11 0 ]",144,"+ 0 + - 0 0 + - + - + 0 "
210757,"[ 1 0 55 -165 0 462 0 0 -165 -55 11 0 ]",144,"+ 0 + - 0 + 0 0 - - + 0 "
210892,"[ 1 0 55 -165 0 462 0 -330 165 -55 11 0 ]",144,"+ 0 + - 0 + 0 - + - + 0 "
212620,"[ 1 0 55 -165 330 0 462 -330 -165 -55 11 0 ]",144,"+ 0 + - + 0 + - - - + 0 "
212716,"[ 1 0 55 -165 330 0 -462 330 0 55 0 0 ]",144,"+ 0 + - + 0 - + 0 + 0 0 "
213106,"[ 1 0 55 -165 330 462 0 -330 -165 -55 11 0 ]",144,"+ 0 + - + + 0 - - - + 0 "
213688,"[ 1 0 55 -165 330 -462 0 330 0 55 0 0 ]",144,"+ 0 + - + - 0 + 0 + 0 0 "
214618,"[ 1 0 55 -165 -330 0 462 0 165 -55 11 0 ]",144,"+ 0 + - - 0 + 0 + - + 0 "
214726,"[ 1 0 55 -165 -330 0 462 330 -165 -55 11 0 ]",144,"+ 0 + - - 0 + + - - + 0 "
215104,"[ 1 0 55 -165 -330 462 0 0 165 -55 11 0 ]",144,"+ 0 + - - + 0 0 + - + 0 "
215212,"[ 1 0 55 -165 -330 462 0 330 -165 -55 11 0 ]",144,"+ 0 + - - + 0 + - - + 0 "
215467,"[ 1 0 55 -165 -330 462 462 -330 0 0 -11 0 ]",144,"+ 0 + - - + + - 0 0 - 0 "
216931,"[ 1 0 -55 0 0 0 462 -330 0 55 11 0 ]",144,"+ 0 - 0 0 0 + - 0 + + 0 "
217417,"[ 1 0 -55 0 0 462 0 -330 0 55 11 0 ]",144,"+ 0 - 0 0 + 0 - 0 + + 0 "
219268,"[ 1 0 -55 0 330 0 -462 330 0 0 0 0 ]",144,"+ 0 - 0 + 0 - + 0 0 0 0 "
220240,"[ 1 0 -55 0 330 -462 0 330 0 0 0 0 ]",144,"+ 0 - 0 + - 0 + 0 0 0 0 "
221143,"[ 1 0 -55 0 -330 0 462 0 0 55 11 0 ]",144,"+ 0 - 0 - 0 + 0 0 + + 0 "
221629,"[ 1 0 -55 0 -330 462 0 0 0 55 11 0 ]",144,"+ 0 - 0 - + 0 0 0 + + 0 "
222046,"[ 1 0 -55 0 -330 462 462 -330 0 -55 -11 0 ]",144,"+ 0 - 0 - + + - 0 - - 0 "
223546,"[ 1 0 -55 165 0 0 462 -330 -165 55 11 0 ]",144,"+ 0 - + 0 0 + - - + + 0 "
223669,"[ 1 0 -55 165 0 0 -462 330 165 0 0 0 ]",144,"+ 0 - + 0 0 - + + 0 0 0 "
224032,"[ 1 0 -55 165 0 462 0 -330 -165 55 11 0 ]",144,"+ 0 - + 0 + 0 - - + + 0 "
224641,"[ 1 0 -55 165 0 -462 0 330 165 0 0 0 ]",144,"+ 0 - + 0 - 0 + + 0 0 0 "
225775,"[ 1 0 -55 165 330 0 -462 0 165 0 0 0 ]",144,"+ 0 - + + 0 - 0 + 0 0 0 "
225883,"[ 1 0 -55 165 330 0 -462 330 -165 0 0 0 ]",144,"+ 0 - + + 0 - + - 0 0 0 "
226747,"[ 1 0 -55 165 330 -462 0 0 165 0 0 0 ]",144,"+ 0 - + + - 0 0 + 0 0 0 "
226855,"[ 1 0 -55 165 330 -462 0 330 -165 0 0 0 ]",144,"+ 0 - + + - 0 + - 0 0 0 "
227758,"[ 1 0 -55 165 -330 0 462 0 -165 55 11 0 ]",144,"+ 0 - + - 0 + 0 - + + 0 "
227893,"[ 1 0 -55 165 -330 0 462 -330 165 55 11 0 ]",144,"+ 0 - + - 0 + - + + + 0 "
228244,"[ 1 0 -55 165 -330 462 0 0 -165 55 11 0 ]",144,"+ 0 - + - + 0 0 - + + 0 "
228379,"[ 1 0 -55 165 -330 462 0 -330 165 55 11 0 ]",144,"+ 0 - + - + 0 - + + + 0 "
228661,"[ 1 0 -55 165 -330 462 462 -330 -165 -55 -11 0 ]",144,"+ 0 - + - + + - - - - 0 "
229945,"[ 1 0 -55 -165 0 0 462 0 -165 55 11 0 ]",144,"+ 0 - - 0 0 + 0 - + + 0 "
230080,"[ 1 0 -55 -165 0 0 462 -330 165 55 11 0 ]",144,"+ 0 - - 0 0 + - + + + 0 "
230431,"[ 1 0 -55 -165 0 462 0 0 -165 55 11 0 ]",144,"+ 0 - - 0 + 0 0 - + + 0 "
230566,"[ 1 0 -55 -165 0 462 0 -330 165 55 11 0 ]",144,"+ 0 - - 0 + 0 - + + + 0 "
230848,"[ 1 0 -55 -165 0 462 462 -330 -165 -55 -11 0 ]",144,"+ 0 - - 0 + + - - - - 0 "
232294,"[ 1 0 -55 -165 330 0 462 -330 -165 55 11 0 ]",144,"+ 0 - - + 0 + - - + + 0 "
232417,"[ 1 0 -55 -165 330 0 -462 330 165 0 0 0 ]",144,"+ 0 - - + 0 - + + 0 0 0 "
232780,"[ 1 0 -55 -165 330 462 0 -330 -165 55 11 0 ]",144,"+ 0 - - + + 0 - - + + 0 "
233389,"[ 1 0 -55 -165 330 -462 0 330 165 0 0 0 ]",144,"+ 0 - - + - 0 + + 0 0 0 "
234292,"[ 1 0 -55 -165 -330 0 462 0 165 55 11 0 ]",144,"+ 0 - - - 0 + 0 + + + 0 "
234400,"[ 1 0 -55 -165 -330 0 462 330 -165 55 11 0 ]",144,"+ 0 - - - 0 + + - + + 0 "
234778,"[ 1 0 -55 -165 -330 462 0 0 165 55 11 0 ]",144,"+ 0 - - - + 0 0 + + + 0 "
234886,"[ 1 0 -55 -165 -330 462 0 330 -165 55 11 0 ]",144,"+ 0 - - - + 0 + - + + 0 "
235060,"[ 1 0 -55 -165 -330 462 462 0 -165 -55 -11 0 ]",144,"+ 0 - - - + + 0 - - - 0 "
235195,"[ 1 0 -55 -165 -330 462 462 -330 165 -55 -11 0 ]",144,"+ 0 - - - + + - + - - 0 "
236602,"[ 1 11 0 0 0 0 462 -330 0 0 0 0 ]",144,"+ + 0 0 0 0 + - 0 0 0 0 "
237088,"[ 1 11 0 0 0 462 0 -330 0 0 0 0 ]",144,"+ + 0 0 0 + 0 - 0 0 0 0 "
238975,"[ 1 11 0 0 330 0 -462 330 0 -55 -11 0 ]",144,"+ + 0 0 + 0 - + 0 - - 0 "
239947,"[ 1 11 0 0 330 -462 0 330 0 -55 -11 0 ]",144,"+ + 0 0 + - 0 + 0 - - 0 "
240814,"[ 1 11 0 0 -330 0 462 0 0 0 0 0 ]",144,"+ + 0 0 - 0 + 0 0 0 0 0 "
241300,"[ 1 11 0 0 -330 462 0 0 0 0 0 0 ]",144,"+ + 0 0 - + 0 0 0 0 0 0 "
243217,"[ 1 11 0 165 0 0 462 -330 -165 0 0 0 ]",144,"+ + 0 + 0 0 + - - 0 0 0 "
243376,"[ 1 11 0 165 0 0 -462 330 165 -55 -11 0 ]",144,"+ + 0 + 0 0 - + + - - 0 "
243703,"[ 1 11 0 165 0 462 0 -330 -165 0 0 0 ]",144,"+ + 0 + 0 + 0 - - 0 0 0 "
244348,"[ 1 11 0 165 0 -462 0 330 165 -55 -11 0 ]",144,"+ + 0 + 0 - 0 + + - - 0 "
245482,"[ 1 11 0 165 330 0 -462 0 165 -55 -11 0 ]",144,"+ + 0 + + 0 - 0 + - - 0 "
245590,"[ 1 11 0 165 330 0 -462 330 -165 -55 -11 0 ]",144,"+ + 0 + + 0 - + - - - 0 "
246454,"[ 1 11 0 165 330 -462 0 0 165 -55 -11 0 ]",144,"+ + 0 + + - 0 0 + - - 0 "
246562,"[ 1 11 0 165 330 -462 0 330 -165 -55 -11 0 ]",144,"+ + 0 + + - 0 + - - - 0 "
247009,"[ 1 11 0 165 330 -462 -462 330 165 55 11 0 ]",144,"+ + 0 + + - - + + + + 0 "
247429,"[ 1 11 0 165 -330 0 462 0 -165 0 0 0 ]",144,"+ + 0 + - 0 + 0 - 0 0 0 "
247564,"[ 1 11 0 165 -330 0 462 -330 165 0 0 0 ]",144,"+ + 0 + - 0 + - + 0 0 0 "
247915,"[ 1 11 0 165 -330 462 0 0 -165 0 0 0 ]",144,"+ + 0 + - + 0 0 - 0 0 0 "
248050,"[ 1 11 0 165 -330 462 0 -330 165 0 0 0 ]",144,"+ + 0 + - + 0 - + 0 0 0 "
249616,"[ 1 11 0 -165 0 0 462 0 -165 0 0 0 ]",144,"+ + 0 - 0 0 + 0 - 0 0 0 "
249751,"[ 1 11 0 -165 0 0 462 -330 165 0 0 0 ]",144,"+ + 0 - 0 0 + - + 0 0 0 "
250102,"[ 1 11 0 -165 0 462 0 0 -165 0 0 0 ]",144,"+ + 0 - 0 + 0 0 - 0 0 0 "
250237,"[ 1 11 0 -165 0 462 0 -330 165 0 0 0 ]",144,"+ + 0 - 0 + 0 - + 0 0 0 "
251965,"[ 1 11 0 -165 330 0 462 -330 -165 0 0 0 ]",144,"+ + 0 - + 0 + - - 0 0 0 "
252124,"[ 1 11 0 -165 330 0 -462 330 165 -55 -11 0 ]",144,"+ + 0 - + 0 - + + - - 0 "
252451,"[ 1 11 0 -165 330 462 0 -330 -165 0 0 0 ]",144,"+ + 0 - + + 0 - - 0 0 0 "
253096,"[ 1 11 0 -165 330 -462 0 330 165 -55 -11 0 ]",144,"+ + 0 - + - 0 + + - - 0 "
253963,"[ 1 11 0 -165 -330 0 462 0 165 0 0 0 ]",144,"+ + 0 - - 0 + 0 + 0 0 0 "
254071,"[ 1 11 0 -165 -330 0 462 330 -165 0 0 0 ]",144,"+ + 0 - - 0 + + - 0 0 0 "
254449,"[ 1 11 0 -165 -330 462 0 0 165 0 0 0 ]",144,"+ + 0 - - + 0 0 + 0 0 0 "
254557,"[ 1 11 0 -165 -330 462 0 330 -165 0 0 0 ]",144,"+ + 0 - - + 0 + - 0 0 0 "
256303,"[ 1 11 55 0 0 0 462 -330 0 -55 0 0 ]",144,"+ + + 0 0 0 + - 0 - 0 0 "
256489,"[ 1 11 55 0 0 0 -462 330 165 55 -11 0 ]",144,"+ + + 0 0 0 - + + + - 0 "
256789,"[ 1 11 55 0 0 462 0 -330 0 -55 0 0 ]",144,"+ + + 0 0 + 0 - 0 - 0 0 "
257461,"[ 1 11 55 0 0 -462 0 330 165 55 -11 0 ]",144,"+ + + 0 0 - 0 + + + - 0 "
258595,"[ 1 11 55 0 330 0 -462 0 165 55 -11 0 ]",144,"+ + + 0 + 0 - 0 + + - 0 "
258703,"[ 1 11 55 0 330 0 -462 330 -165 55 -11 0 ]",144,"+ + + 0 + 0 - + - + - 0 "
259567,"[ 1 11 55 0 330 -462 0 0 165 55 -11 0 ]",144,"+ + + 0 + - 0 0 + + - 0 "
259675,"[ 1 11 55 0 330 -462 0 330 -165 55 -11 0 ]",144,"+ + + 0 + - 0 + - + - 0 "
260515,"[ 1 11 55 0 -330 0 462 0 0 -55 0 0 ]",144,"+ + + 0 - 0 + 0 0 - 0 0 "
261001,"[ 1 11 55 0 -330 462 0 0 0 -55 0 0 ]",144,"+ + + 0 - + 0 0 0 - 0 0 "
262918,"[ 1 11 55 165 0 0 462 -330 -165 -55 0 0 ]",144,"+ + + + 0 0 + - - - 0 0 "
263023,"[ 1 11 55 165 0 0 -462 330 0 55 -11 0 ]",144,"+ + + + 0 0 - + 0 + - 0 "
263404,"[ 1 11 55 165 0 462 0 -330 -165 -55 0 0 ]",144,"+ + + + 0 + 0 - - - 0 0 "
263995,"[ 1 11 55 165 0 -462 0 330 0 55 -11 0 ]",144,"+ + + + 0 - 0 + 0 + - 0 "
265129,"[ 1 11 55 165 330 0 -462 0 0 55 -11 0 ]",144,"+ + + + + 0 - 0 0 + - 0 "
266101,"[ 1 11 55 165 330 -462 0 0 0 55 -11 0 ]",144,"+ + + + + - 0 0 0 + - 0 "
266683,"[ 1 11 55 165 330 -462 -462 330 165 0 11 0 ]",144,"+ + + + + - - + + 0 + 0 "
267130,"[ 1 11 55 165 -330 0 462 0 -165 -55 0 0 ]",144,"+ + + + - 0 + 0 - - 0 0 "
267265,"[ 1 11 55 165 -330 0 462 -330 165 -55 0 0 ]",144,"+ + + + - 0 + - + - 0 0 "
267616,"[ 1 11 55 165 -330 462 0 0 -165 -55 0 0 ]",144,"+ + + + - + 0 0 - - 0 0 "
267751,"[ 1 11 55 165 -330 462 0 -330 165 -55 0 0 ]",144,"+ + + + - + 0 - + - 0 0 "
269317,"[ 1 11 55 -165 0 0 462 0 -165 -55 0 0 ]",144,"+ + + - 0 0 + 0 - - 0 0 "
269452,"[ 1 11 55 -165 0 0 462 -330 165 -55 0 0 ]",144,"+ + + - 0 0 + - + - 0 0 "
269803,"[ 1 11 55 -165 0 462 0 0 -165 -55 0 0 ]",144,"+ + + - 0 + 0 0 - - 0 0 "
269938,"[ 1 11 55 -165 0 462 0 -330 165 -55 0 0 ]",144,"+ + + - 0 + 0 - + - 0 0 "
271666,"[ 1 11 55 -165 330 0 462 -330 -165 -55 0 0 ]",144,"+ + + - + 0 + - - - 0 0 "
271771,"[ 1 11 55 -165 330 0 -462 330 0 55 -11 0 ]",144,"+ + + - + 0 - + 0 + - 0 "
272152,"[ 1 11 55 -165 330 462 0 -330 -165 -55 0 0 ]",144,"+ + + - + + 0 - - - 0 0 "
272743,"[ 1 11 55 -165 330 -462 0 330 0 55 -11 0 ]",144,"+ + + - + - 0 + 0 + - 0 "
273664,"[ 1 11 55 -165 -330 0 462 0 165 -55 0 0 ]",144,"+ + + - - 0 + 0 + - 0 0 "
273772,"[ 1 11 55 -165 -330 0 462 330 -165 -55 0 0 ]",144,"+ + + - - 0 + + - - 0 0 "
274150,"[ 1 11 55 -165 -330 462 0 0 165 -55 0 0 ]",144,"+ + + - - + 0 0 + - 0 0 "
274258,"[ 1 11 55 -165 -330 462 0 330 -165 -55 0 0 ]",144,"+ + + - - + 0 + - - 0 0 "
275977,"[ 1 11 -55 0 0 0 462 -330 0 55 0 0 ]",144,"+ + - 0 0 0 + - 0 + 0 0 "
276463,"[ 1 11 -55 0 0 462 0 -330 0 55 0 0 ]",144,"+ + - 0 0 + 0 - 0 + 0 0 "
278323,"[ 1 11 -55 0 330 0 -462 330 0 0 -11 0 ]",144,"+ + - 0 + 0 - + 0 0 - 0 "
279295,"[ 1 11 -55 0 330 -462 0 330 0 0 -11 0 ]",144,"+ + - 0 + - 0 + 0 0 - 0 "
280189,"[ 1 11 -55 0 -330 0 462 0 0 55 0 0 ]",144,"+ + - 0 - 0 + 0 0 + 0 0 "
280675,"[ 1 11 -55 0 -330 462 0 0 0 55 0 0 ]",144,"+ + - 0 - + 0 0 0 + 0 0 "
282592,"[ 1 11 -55 165 0 0 462 -330 -165 55 0 0 ]",144,"+ + - + 0 0 + - - + 0 0 "
282724,"[ 1 11 -55 165 0 0 -462 330 165 0 -11 0 ]",144,"+ + - + 0 0 - + + 0 - 0 "
283078,"[ 1 11 -55 165 0 462 0 -330 -165 55 0 0 ]",144,"+ + - + 0 + 0 - - + 0 0 "
283696,"[ 1 11 -55 165 0 -462 0 330 165 0 -11 0 ]",144,"+ + - + 0 - 0 + + 0 - 0 "
284830,"[ 1 11 -55 165 330 0 -462 0 165 0 -11 0 ]",144,"+ + - + + 0 - 0 + 0 - 0 "
284938,"[ 1 11 -55 165 330 0 -462 330 -165 0 -11 0 ]",144,"+ + - + + 0 - + - 0 - 0 "
285802,"[ 1 11 -55 165 330 -462 0 0 165 0 -11 0 ]",144,"+ + - + + - 0 0 + 0 - 0 "
285910,"[ 1 11 -55 165 330 -462 0 330 -165 0 -11 0 ]",144,"+ + - + + - 0 + - 0 - 0 "
286804,"[ 1 11 -55 165 -330 0 462 0 -165 55 0 0 ]",144,"+ + - + - 0 + 0 - + 0 0 "
286939,"[ 1 11 -55 165 -330 0 462 -330 165 55 0 0 ]",144,"+ + - + - 0 + - + + 0 0 "
287290,"[ 1 11 -55 165 -330 462 0 0 -165 55 0 0 ]",144,"+ + - + - + 0 0 - + 0 0 "
287425,"[ 1 11 -55 165 -330 462 0 -330 165 55 0 0 ]",144,"+ + - + - + 0 - + + 0 0 "
288991,"[ 1 11 -55 -165 0 0 462 0 -165 55 0 0 ]",144,"+ + - - 0 0 + 0 - + 0 0 "
289126,"[ 1 11 -55 -165 0 0 462 -330 165 55 0 0 ]",144,"+ + - - 0 0 + - + + 0 0 "
289477,"[ 1 11 -55 -165 0 462 0 0 -165 55 0 0 ]",144,"+ + - - 0 + 0 0 - + 0 0 "
289612,"[ 1 11 -55 -165 0 462 0 -330 165 55 0 0 ]",144,"+ + - - 0 + 0 - + + 0 0 "
291340,"[ 1 11 -55 -165 330 0 462 -330 -165 55 0 0 ]",144,"+ + - - + 0 + - - + 0 0 "
291472,"[ 1 11 -55 -165 330 0 -462 330 165 0 -11 0 ]",144,"+ + - - + 0 - + + 0 - 0 "
291826,"[ 1 11 -55 -165 330 462 0 -330 -165 55 0 0 ]",144,"+ + - - + + 0 - - + 0 0 "
292444,"[ 1 11 -55 -165 330 -462 0 330 165 0 -11 0 ]",144,"+ + - - + - 0 + + 0 - 0 "
293338,"[ 1 11 -55 -165 -330 0 462 0 165 55 0 0 ]",144,"+ + - - - 0 + 0 + + 0 0 "
293446,"[ 1 11 -55 -165 -330 0 462 330 -165 55 0 0 ]",144,"+ + - - - 0 + + - + 0 0 "
293824,"[ 1 11 -55 -165 -330 462 0 0 165 55 0 0 ]",144,"+ + - - - + 0 0 + + 0 0 "
293932,"[ 1 11 -55 -165 -330 462 0 330 -165 55 0 0 ]",144,"+ + - - - + 0 + - + 0 0 "
295279,"[ 1 -11 0 0 0 0 0 0 165 0 -11 0 ]",144,"+ - 0 0 0 0 0 0 + 0 - 0 "
295387,"[ 1 -11 0 0 0 0 0 330 -165 0 -11 0 ]",144,"+ - 0 0 0 0 0 + - 0 - 0 "
296494,"[ 1 -11 0 0 0 462 -462 0 165 0 -11 0 ]",144,"+ - 0 0 0 + - 0 + 0 - 0 "
296602,"[ 1 -11 0 0 0 462 -462 330 -165 0 -11 0 ]",144,"+ - 0 0 0 + - + - 0 - 0 "
296980,"[ 1 -11 0 0 0 -462 462 0 165 0 -11 0 ]",144,"+ - 0 0 0 - + 0 + 0 - 0 "
297088,"[ 1 -11 0 0 0 -462 462 330 -165 0 -11 0 ]",144,"+ - 0 0 0 - + + - 0 - 0 "
297493,"[ 1 -11 0 0 330 0 0 0 -165 0 -11 0 ]",144,"+ - 0 0 + 0 0 0 - 0 - 0 "
297628,"[ 1 -11 0 0 330 0 0 -330 165 0 -11 0 ]",144,"+ - 0 0 + 0 0 - + 0 - 0 "
298021,"[ 1 -11 0 0 330 0 -462 330 0 -55 11 0 ]",144,"+ - 0 0 + 0 - + 0 - + 0 "
298708,"[ 1 -11 0 0 330 462 -462 0 -165 0 -11 0 ]",144,"+ - 0 0 + + - 0 - 0 - 0 "
298843,"[ 1 -11 0 0 330 462 -462 -330 165 0 -11 0 ]",144,"+ - 0 0 + + - - + 0 - 0 "
298993,"[ 1 -11 0 0 330 -462 0 330 0 -55 11 0 ]",144,"+ - 0 0 + - 0 + 0 - + 0 "
299194,"[ 1 -11 0 0 330 -462 462 0 -165 0 -11 0 ]",144,"+ - 0 0 + - + 0 - 0 - 0 "
299329,"[ 1 -11 0 0 330 -462 462 -330 165 0 -11 0 ]",144,"+ - 0 0 + - + - + 0 - 0 "
299734,"[ 1 -11 0 0 -330 0 0 330 165 0 -11 0 ]",144,"+ - 0 0 - 0 0 + + 0 - 0 "
300817,"[ 1 -11 0 0 -330 462 462 -330 -165 55 0 0 ]",144,"+ - 0 0 - + + - - + 0 0 "
300949,"[ 1 -11 0 0 -330 462 -462 330 165 0 -11 0 ]",144,"+ - 0 0 - + - + + 0 - 0 "
301435,"[ 1 -11 0 0 -330 -462 462 330 165 0 -11 0 ]",144,"+ - 0 0 - - + + + 0 - 0 "
301813,"[ 1 -11 0 165 0 0 0 0 0 0 -11 0 ]",144,"+ - 0 + 0 0 0 0 0 0 - 0 "
302422,"[ 1 -11 0 165 0 0 -462 330 165 -55 11 0 ]",144,"+ - 0 + 0 0 - + + - + 0 "
303028,"[ 1 -11 0 165 0 462 -462 0 0 0 -11 0 ]",144,"+ - 0 + 0 + - 0 0 0 - 0 "
303394,"[ 1 -11 0 165 0 -462 0 330 165 -55 11 0 ]",144,"+ - 0 + 0 - 0 + + - + 0 "
303514,"[ 1 -11 0 165 0 -462 462 0 0 0 -11 0 ]",144,"+ - 0 + 0 - + 0 0 0 - 0 "
304162,"[ 1 -11 0 165 330 0 0 -330 0 0 -11 0 ]",144,"+ - 0 + + 0 0 - 0 0 - 0 "
304528,"[ 1 -11 0 165 330 0 -462 0 165 -55 11 0 ]",144,"+ - 0 + + 0 - 0 + - + 0 "
304636,"[ 1 -11 0 165 330 0 -462 330 -165 -55 11 0 ]",144,"+ - 0 + + 0 - + - - + 0 "
305377,"[ 1 -11 0 165 330 462 -462 -330 0 0 -11 0 ]",144,"+ - 0 + + + - - 0 0 - 0 "
305500,"[ 1 -11 0 165 330 -462 0 0 165 -55 11 0 ]",144,"+ - 0 + + - 0 0 + - + 0 "
305608,"[ 1 -11 0 165 330 -462 0 330 -165 -55 11 0 ]",144,"+ - 0 + + - 0 + - - + 0 "
305863,"[ 1 -11 0 165 330 -462 462 -330 0 0 -11 0 ]",144,"+ - 0 + + - + - 0 0 - 0 "
306268,"[ 1 -11 0 165 -330 0 0 330 0 0 -11 0 ]",144,"+ - 0 + - 0 0 + 0 0 - 0 "
307483,"[ 1 -11 0 165 -330 462 -462 330 0 0 -11 0 ]",144,"+ - 0 + - + - + 0 0 - 0 "
307969,"[ 1 -11 0 165 -330 -462 462 330 0 0 -11 0 ]",144,"+ - 0 + - - + + 0 0 - 0 "
308455,"[ 1 -11 0 -165 0 0 0 330 0 0 -11 0 ]",144,"+ - 0 - 0 0 0 + 0 0 - 0 "
309670,"[ 1 -11 0 -165 0 462 -462 330 0 0 -11 0 ]",144,"+ - 0 - 0 + - + 0 0 - 0 "
310156,"[ 1 -11 0 -165 0 -462 462 330 0 0 -11 0 ]",144,"+ - 0 - 0 - + + 0 0 - 0 "
310561,"[ 1 -11 0 -165 330 0 0 0 0 0 -11 0 ]",144,"+ - 0 - + 0 0 0 0 0 - 0 "
311170,"[ 1 -11 0 -165 330 0 -462 330 165 -55 11 0 ]",144,"+ - 0 - + 0 - + + - + 0 "
311776,"[ 1 -11 0 -165 330 462 -462 0 0 0 -11 0 ]",144,"+ - 0 - + + - 0 0 0 - 0 "
312142,"[ 1 -11 0 -165 330 -462 0 330 165 -55 11 0 ]",144,"+ - 0 - + - 0 + + - + 0 "
312262,"[ 1 -11 0 -165 330 -462 462 0 0 0 -11 0 ]",144,"+ - 0 - + - + 0 0 0 - 0 "
313885,"[ 1 -11 0 -165 -330 462 462 -330 0 55 0 0 ]",144,"+ - 0 - - + + - 0 + 0 0 "
314980,"[ 1 -11 55 0 0 0 0 0 165 -55 -11 0 ]",144,"+ - + 0 0 0 0 0 + - - 0 "
315088,"[ 1 -11 55 0 0 0 0 330 -165 -55 -11 0 ]",144,"+ - + 0 0 0 0 + - - - 0 "
315535,"[ 1 -11 55 0 0 0 -462 330 165 55 11 0 ]",144,"+ - + 0 0 0 - + + + + 0 "
316195,"[ 1 -11 55 0 0 462 -462 0 165 -55 -11 0 ]",144,"+ - + 0 0 + - 0 + - - 0 "
316303,"[ 1 -11 55 0 0 462 -462 330 -165 -55 -11 0 ]",144,"+ - + 0 0 + - + - - - 0 "
316507,"[ 1 -11 55 0 0 -462 0 330 165 55 11 0 ]",144,"+ - + 0 0 - 0 + + + + 0 "
316681,"[ 1 -11 55 0 0 -462 462 0 165 -55 -11 0 ]",144,"+ - + 0 0 - + 0 + - - 0 "
316789,"[ 1 -11 55 0 0 -462 462 330 -165 -55 -11 0 ]",144,"+ - + 0 0 - + + - - - 0 "
317194,"[ 1 -11 55 0 330 0 0 0 -165 -55 -11 0 ]",144,"+ - + 0 + 0 0 0 - - - 0 "
317329,"[ 1 -11 55 0 330 0 0 -330 165 -55 -11 0 ]",144,"+ - + 0 + 0 0 - + - - 0 "
317641,"[ 1 -11 55 0 330 0 -462 0 165 55 11 0 ]",144,"+ - + 0 + 0 - 0 + + + 0 "
317749,"[ 1 -11 55 0 330 0 -462 330 -165 55 11 0 ]",144,"+ - + 0 + 0 - + - + + 0 "
318409,"[ 1 -11 55 0 330 462 -462 0 -165 -55 -11 0 ]",144,"+ - + 0 + + - 0 - - - 0 "
318544,"[ 1 -11 55 0 330 462 -462 -330 165 -55 -11 0 ]",144,"+ - + 0 + + - - + - - 0 "
318613,"[ 1 -11 55 0 330 -462 0 0 165 55 11 0 ]",144,"+ - + 0 + - 0 0 + + + 0 "
318721,"[ 1 -11 55 0 330 -462 0 330 -165 55 11 0 ]",144,"+ - + 0 + - 0 + - + + 0 "
318895,"[ 1 -11 55 0 330 -462 462 0 -165 -55 -11 0 ]",144,"+ - + 0 + - + 0 - - - 0 "
319030,"[ 1 -11 55 0 330 -462 462 -330 165 -55 -11 0 ]",144,"+ - + 0 + - + - + - - 0 "
319435,"[ 1 -11 55 0 -330 0 0 330 165 -55 -11 0 ]",144,"+ - + 0 - 0 0 + + - - 0 "
320491,"[ 1 -11 55 0 -330 462 462 -330 -165 0 0 0 ]",144,"+ - + 0 - + + - - 0 0 0 "
320650,"[ 1 -11 55 0 -330 462 -462 330 165 -55 -11 0 ]",144,"+ - + 0 - + - + + - - 0 "
321136,"[ 1 -11 55 0 -330 -462 462 330 165 -55 -11 0 ]",144,"+ - + 0 - - + + + - - 0 "
321514,"[ 1 -11 55 165 0 0 0 0 0 -55 -11 0 ]",144,"+ - + + 0 0 0 0 0 - - 0 "
322069,"[ 1 -11 55 165 0 0 -462 330 0 55 11 0 ]",144,"+ - + + 0 0 - + 0 + + 0 "
322729,"[ 1 -11 55 165 0 462 -462 0 0 -55 -11 0 ]",144,"+ - + + 0 + - 0 0 - - 0 "
323041,"[ 1 -11 55 165 0 -462 0 330 0 55 11 0 ]",144,"+ - + + 0 - 0 + 0 + + 0 "
323215,"[ 1 -11 55 165 0 -462 462 0 0 -55 -11 0 ]",144,"+ - + + 0 - + 0 0 - - 0 "
323863,"[ 1 -11 55 165 330 0 0 -330 0 -55 -11 0 ]",144,"+ - + + + 0 0 - 0 - - 0 "
324175,"[ 1 -11 55 165 330 0 -462 0 0 55 11 0 ]",144,"+ - + + + 0 - 0 0 + + 0 "
325078,"[ 1 -11 55 165 330 462 -462 -330 0 -55 -11 0 ]",144,"+ - + + + + - - 0 - - 0 "
325147,"[ 1 -11 55 165 330 -462 0 0 0 55 11 0 ]",144,"+ - + + + - 0 0 0 + + 0 "
325564,"[ 1 -11 55 165 330 -462 462 -330 0 -55 -11 0 ]",144,"+ - + + + - + - 0 - - 0 "
325969,"[ 1 -11 55 165 -330 0 0 330 0 -55 -11 0 ]",144,"+ - + + - 0 0 + 0 - - 0 "
327184,"[ 1 -11 55 165 -330 462 -462 330 0 -55 -11 0 ]",144,"+ - + + - + - + 0 - - 0 "
327670,"[ 1 -11 55 165 -330 -462 462 330 0 -55 -11 0 ]",144,"+ - + + - - + + 0 - - 0 "
328156,"[ 1 -11 55 -165 0 0 0 330 0 -55 -11 0 ]",144,"+ - + - 0 0 0 + 0 - - 0 "
329371,"[ 1 -11 55 -165 0 462 -462 330 0 -55 -11 0 ]",144,"+ - + - 0 + - + 0 - - 0 "
329857,"[ 1 -11 55 -165 0 -462 462 330 0 -55 -11 0 ]",144,"+ - + - 0 - + + 0 - - 0 "
330262,"[ 1 -11 55 -165 330 0 0 0 0 -55 -11 0 ]",144,"+ - + - + 0 0 0 0 - - 0 "
330817,"[ 1 -11 55 -165 330 0 -462 330 0 55 11 0 ]",144,"+ - + - + 0 - + 0 + + 0 "
331477,"[ 1 -11 55 -165 330 462 -462 0 0 -55 -11 0 ]",144,"+ - + - + + - 0 0 - - 0 "
331789,"[ 1 -11 55 -165 330 -462 0 330 0 55 11 0 ]",144,"+ - + - + - 0 + 0 + + 0 "
331963,"[ 1 -11 55 -165 330 -462 462 0 0 -55 -11 0 ]",144,"+ - + - + - + 0 0 - - 0 "
333559,"[ 1 -11 55 -165 -330 462 462 -330 0 0 0 0 ]",144,"+ - + - - + + - 0 0 0 0 "
334654,"[ 1 -11 -55 0 0 0 0 0 165 55 -11 0 ]",144,"+ - - 0 0 0 0 0 + + - 0 "
334762,"[ 1 -11 -55 0 0 0 0 330 -165 55 -11 0 ]",144,"+ - - 0 0 0 0 + - + - 0 "
335869,"[ 1 -11 -55 0 0 462 -462 0 165 55 -11 0 ]",144,"+ - - 0 0 + - 0 + + - 0 "
335977,"[ 1 -11 -55 0 0 462 -462 330 -165 55 -11 0 ]",144,"+ - - 0 0 + - + - + - 0 "
336355,"[ 1 -11 -55 0 0 -462 462 0 165 55 -11 0 ]",144,"+ - - 0 0 - + 0 + + - 0 "
336463,"[ 1 -11 -55 0 0 -462 462 330 -165 55 -11 0 ]",144,"+ - - 0 0 - + + - + - 0 "
336868,"[ 1 -11 -55 0 330 0 0 0 -165 55 -11 0 ]",144,"+ - - 0 + 0 0 0 - + - 0 "
337003,"[ 1 -11 -55 0 330 0 0 -330 165 55 -11 0 ]",144,"+ - - 0 + 0 0 - + + - 0 "
337369,"[ 1 -11 -55 0 330 0 -462 330 0 0 11 0 ]",144,"+ - - 0 + 0 - + 0 0 + 0 "
338083,"[ 1 -11 -55 0 330 462 -462 0 -165 55 -11 0 ]",144,"+ - - 0 + + - 0 - + - 0 "
338218,"[ 1 -11 -55 0 330 462 -462 -330 165 55 -11 0 ]",144,"+ - - 0 + + - - + + - 0 "
338341,"[ 1 -11 -55 0 330 -462 0 330 0 0 11 0 ]",144,"+ - - 0 + - 0 + 0 0 + 0 "
338569,"[ 1 -11 -55 0 330 -462 462 0 -165 55 -11 0 ]",144,"+ - - 0 + - + 0 - + - 0 "
338704,"[ 1 -11 -55 0 330 -462 462 -330 165 55 -11 0 ]",144,"+ - - 0 + - + - + + - 0 "
339109,"[ 1 -11 -55 0 -330 0 0 330 165 55 -11 0 ]",144,"+ - - 0 - 0 0 + + + - 0 "
340138,"[ 1 -11 -55 0 -330 462 462 -330 0 -55 0 0 ]",144,"+ - - 0 - + + - 0 - 0 0 "
340324,"[ 1 -11 -55 0 -330 462 -462 330 165 55 -11 0 ]",144,"+ - - 0 - + - + + + - 0 "
340810,"[ 1 -11 -55 0 -330 -462 462 330 165 55 -11 0 ]",144,"+ - - 0 - - + + + + - 0 "
341188,"[ 1 -11 -55 165 0 0 0 0 0 55 -11 0 ]",144,"+ - - + 0 0 0 0 0 + - 0 "
341770,"[ 1 -11 -55 165 0 0 -462 330 165 0 11 0 ]",144,"+ - - + 0 0 - + + 0 + 0 "
342403,"[ 1 -11 -55 165 0 462 -462 0 0 55 -11 0 ]",144,"+ - - + 0 + - 0 0 + - 0 "
342742,"[ 1 -11 -55 165 0 -462 0 330 165 0 11 0 ]",144,"+ - - + 0 - 0 + + 0 + 0 "
342889,"[ 1 -11 -55 165 0 -462 462 0 0 55 -11 0 ]",144,"+ - - + 0 - + 0 0 + - 0 "
343537,"[ 1 -11 -55 165 330 0 0 -330 0 55 -11 0 ]",144,"+ - - + + 0 0 - 0 + - 0 "
343876,"[ 1 -11 -55 165 330 0 -462 0 165 0 11 0 ]",144,"+ - - + + 0 - 0 + 0 + 0 "
343984,"[ 1 -11 -55 165 330 0 -462 330 -165 0 11 0 ]",144,"+ - - + + 0 - + - 0 + 0 "
344752,"[ 1 -11 -55 165 330 462 -462 -330 0 55 -11 0 ]",144,"+ - - + + + - - 0 + - 0 "
344848,"[ 1 -11 -55 165 330 -462 0 0 165 0 11 0 ]",144,"+ - - + + - 0 0 + 0 + 0 "
344956,"[ 1 -11 -55 165 330 -462 0 330 -165 0 11 0 ]",144,"+ - - + + - 0 + - 0 + 0 "
345238,"[ 1 -11 -55 165 330 -462 462 -330 0 55 -11 0 ]",144,"+ - - + + - + - 0 + - 0 "
345643,"[ 1 -11 -55 165 -330 0 0 330 0 55 -11 0 ]",144,"+ - - + - 0 0 + 0 + - 0 "
346753,"[ 1 -11 -55 165 -330 462 462 -330 -165 -55 0 0 ]",144,"+ - - + - + + - - - 0 0 "
346858,"[ 1 -11 -55 165 -330 462 -462 330 0 55 -11 0 ]",144,"+ - - + - + - + 0 + - 0 "
347344,"[ 1 -11 -55 165 -330 -462 462 330 0 55 -11 0 ]",144,"+ - - + - - + + 0 + - 0 "
347830,"[ 1 -11 -55 -165 0 0 0 330 0 55 -11 0 ]",144,"+ - - - 0 0 0 + 0 + - 0 "
348940,"[ 1 -11 -55 -165 0 462 462 -330 -165 -55 0 0 ]",144,"+ - - - 0 + + - - - 0 0 "
349045,"[ 1 -11 -55 -165 0 462 -462 330 0 55 -11 0 ]",144,"+ - - - 0 + - + 0 + - 0 "
349531,"[ 1 -11 -55 -165 0 -462 462 330 0 55 -11 0 ]",144,"+ - - - 0 - + + 0 + - 0 "
349936,"[ 1 -11 -55 -165 330 0 0 0 0 55 -11 0 ]",144,"+ - - - + 0 0 0 0 + - 0 "
350518,"[ 1 -11 -55 -165 330 0 -462 330 165 0 11 0 ]",144,"+ - - - + 0 - + + 0 + 0 "
351151,"[ 1 -11 -55 -165 330 462 -462 0 0 55 -11 0 ]",144,"+ - - - + + - 0 0 + - 0 "
351490,"[ 1 -11 -55 -165 330 -462 0 330 165 0 11 0 ]",144,"+ - - - + - 0 + + 0 + 0 "
351637,"[ 1 -11 -55 -165 330 -462 462 0 0 55 -11 0 ]",144,"+ - - - + - + 0 0 + - 0 "
353152,"[ 1 -11 -55 -165 -330 462 462 0 -165 -55 0 0 ]",144,"+ - - - - + + 0 - - 0 0 "
353287,"[ 1 -11 -55 -165 -330 462 462 -330 165 -55 0 0 ]",144,"+ - - - - + + - + - 0 0 "
